VOC B.1.351	P71L	26454
VOC B.1.351	T205I	28885
VOC B.1.351	K1655N	5227
VOC B.1.351	D80A	21799
VOC B.1.351	D215G	22204
VOC B.1.351	K417N	22810
VOC B.1.351	A701V	23662
VOC B.1.351	N501Y	23062
VOC B.1.351	E484K	23011
VOC P.1	S1188L	3826
VOC P.1	K1795Q	5647
VOC P.1	del9	11288
VOC P.1	L18F	21613
VOC P.1	T20N	21619
VOC P.1	P26S	21637
VOC P.1	D138Y	21973
VOC P.1	R190S	22129
VOC P.1	K417T	22810
VOC P.1	E484K	23011
VOC P.1	N501Y	23062
VOC P.1	H655Y	23524
VOC P.1	T1027I	24640
VOC P.1	G174C	25911
VOC P.1	E92K	28166
VOC P.1	P80R	28510
VOC B.1.1.7	T1001I	3265
VOC B.1.1.7	A1708D	5386
VOC B.1.1.7	I2230T	6952
VOC B.1.1.7	del9	11288
VOC B.1.1.7	del6	21765
VOC B.1.1.7	del3	21991
VOC B.1.1.7	N501Y	23062
VOC B.1.1.7	A570D	23269
VOC B.1.1.7	P681H	23602
VOC B.1.1.7	T716I	23707
VOC B.1.1.7	S982A	24505
VOC B.1.1.7	D1118H	24913
VOC B.1.1.7	Q27stop	27971
VOC B.1.1.7	Y73C	28109
VOC B.1.1.7	D3L	28279
VOC B.1.1.7	S235F	28975
Bloom DMS Escape	E484	23011
Bloom DMS Escape	F456	22927
Bloom DMS Escape	F486	23017
Bloom DMS Escape	F490	23029
Bloom DMS Escape	G446	22897
Bloom DMS Escape	G447	22900
Bloom DMS Escape	G485	23014
Bloom DMS Escape	G496	23047
Bloom DMS Escape	I472	22975
Bloom DMS Escape	K444	22891
Bloom DMS Escape	L455	22924
Bloom DMS Escape	N448	22903
Bloom DMS Escape	N450	22909
Bloom DMS Escape	P384	22711
Bloom DMS Escape	S383	22708
Bloom DMS Escape	S443	22888
Bloom DMS Escape	V445	22894
Bloom DMS Escape	Y365	22654
Bloom DMS Escape	Y369	22666
Bloom DMS Escape	Y449	22906
Bloom DMS Escape	Y473	22978
A.23.1	F157L	22030
A.23.1	V367F	22660
A.23.1	Q613H	23398
A.23.1	P681R	23602
VOC B.1.429	T265I	1057
VOC B.1.429	I4205V	12877
VOC B.1.429	P314L	14406
VOC B.1.429	D1183Y	17013
VOC B.1.429	S13I	21598
VOC B.1.429	W152C	22015
VOC B.1.429	D614G	23401
VOC B.1.429	Q57H	25560
VOC B.1.429	T205I	28885
VOC B.1.617.2	P314L	14406
VOC B.1.617.2	G662S	15450
VOC B.1.617.2	P1000L	16464
VOC B.1.617.2	T19R	21616
VOC B.1.617.2	del6	22030
VOC B.1.617.2	L452R	22915
VOC B.1.617.2	T478K	22993
VOC B.1.617.2	D614G	23401
VOC B.1.617.2	P681R	23602
VOC B.1.617.2	D950N	24409
VOC B.1.617.2	S26L	25467
VOC B.1.617.2	I82T	26765
VOC B.1.617.2	V82A	27636
VOC B.1.617.2	T120I	27750
VOC B.1.617.2	del6	28247
VOC B.1.617.2	D63G	28459
VOC B.1.617.2	R203M	28879
VOC B.1.617.2	D377Y	29401